table_name,column_name,data_type,row_count,null_count,percentage_populated,distinct_value_count,duplicate_row_count_in_column,minimum_value,maximum_value,max_actual_length,top_5_values
lead_log,id,integer,8,0,100.0,8,0,1,8,,1 (1); 2 (1); 3 (1); 4 (1); 5 (1)
lead_log,lead_id,string,8,0,100.0,5,3,08b8ab0371b6a0cb79319628505c446c,c50f607bbae83f7c53551476e11997eb,32,08b8ab0371b6a0cb79319628505c446c (4); 774656feb3119be1d8d6d893429c7cc0 (1); bbd3c7b2448041dc5339b23878cacd79 (1); a90dcb9c1fc9c63f1e2dc7dbd79ecfd2 (1); c50f607bbae83f7c53551476e11997eb (1)
lead_log,source_category,string,8,0,100.0,2,6,Offline,Online,7,Online (7); Offline (1)
lead_log,created_at,timestamp,8,0,100.0,5,3,2024-01-31T08:53:22.403Z,2024-05-13T06:38:58.322Z,24,2024-05-01T02:54:03.482Z (4); 2024-05-13T06:38:58.322Z (1); 2024-05-10T04:16:27.919Z (1); 2024-01-31T08:53:22.403Z (1); 2024-05-13T06:31:39.597Z (1)
lead_log,preferred_location,string,8,0,100.0,3,5,ADITYAWARMAN,GAJAH MADA,12,BENHIL (6); GAJAH MADA (1); ADITYAWARMAN (1)
lead_log,timezone_location,string,8,0,100.0,1,7,Asia/Jakarta,Asia/Jakarta,12,Asia/Jakarta (8)
lead_log,current_status,string,8,0,100.0,5,3,Appointment,Warm,11,Fresh (3); Deal (2); Warm (1); Maybe (1); Appointment (1)
paid_transactions,transaction_id,string,14,0,100.0,14,0,07f21743663aacb7d212c286d47a14de,f192fca27d438c053db425fade152d66,32,1d1eb8a9e864a1cccb2d850398461807 (1); 8623f36f36e709fbefe43defcac59583 (1); 93d48d85048e102d32d02df43138d283 (1); 07f21743663aacb7d212c286d47a14de (1); bd02c54aeca60d0e82f784be0ad4c84d (1)
paid_transactions,transaction_status,string,14,0,100.0,1,13,PAID,PAID,4,PAID (14)
paid_transactions,transaction_at,timestamp,14,0,100.0,14,0,2024-05-01T05:07:30.374Z,2024-05-21T09:47:11.535Z,24,2024-05-02T04:49:01.497Z (1); 2024-05-02T07:53:43.179Z (1); 2024-05-20T04:23:09.444Z (1); 2024-05-02T14:06:39.196Z (1); 2024-05-03T02:00:59.409Z (1)
paid_transactions,transaction_location,string,14,0,100.0,6,8,ADITYAWARMAN,SUNSET ROAD,19,ADITYAWARMAN (4); ARTERI PONDOK INDAH (3); GREENVILLE (3); BENHIL (2); SUNSET ROAD (1)
paid_transactions,timezone_transaction,string,14,0,100.0,2,12,Asia/Jakarta,Asia/Makassar,13,Asia/Jakarta (13); Asia/Makassar (1)
paid_transactions,transaction_type,string,14,0,100.0,2,12,NEW,REJOIN,6,NEW (13); REJOIN (1)
referral_rewards,id,integer,3,0,100.0,3,0,1,3,,1 (1); 3 (1); 2 (1)
referral_rewards,reward_value,string,3,0,100.0,3,0,10 days,20 days,7,10 days (1); 15 days (1); 20 days (1)
referral_rewards,created_at,timestamp,3,0,100.0,3,0,2024-03-13T02:44:32Z,2024-03-13T02:45:15Z,20,2024-03-13T02:44:32Z (1); 2024-03-13T02:45:15Z (1); 2024-03-13T02:45:11Z (1)
referral_rewards,reward_type,integer,3,0,100.0,1,2,1,1,,1 (3)
user_logs,id,integer,29,0,100.0,29,0,1,29,,1 (1); 2 (1); 3 (1); 4 (1); 5 (1)
user_logs,user_id,string,29,0,100.0,9,20,192befbbd8b97260e28db080a661578c,f2de40c8394f4ea9a6aa49965380dd8f,32,2c71c5d66c7e12a0b3c200ba6ed3b78e (13); 4acfa96cb521b6963b50bcef95bee485 (7); cadba628952bde1670ac4c0792afc28a (2); f2de40c8394f4ea9a6aa49965380dd8f (2); d0a0d9ca8dc4f47226a8afd32ee2a848 (1)
user_logs,name,string,29,0,100.0,7,22,003609f9b658dc89cd16d904783834d4,ec55b0c6b4cf5e7e08ddcfbc0465b796,32,6380232145160dca709cdb11ae47fb2a (13); a2d59a13f5f24ae696b0c6917f86a82f (7); 2eb4b6e1ee9574c9e4a5f7e7e9b09280 (5); 49452c26f7b12cd571bd598a0128819e (1); 003609f9b658dc89cd16d904783834d4 (1)
user_logs,phone_number,string,29,0,100.0,9,20,488b1d38c3a3d84ab9839886acecf5e0,f495c5b0268d9896b8478ab32bfa02eb,32,87e6571bf783832fffc616a308563e7e (13); de389f61ac5c8c7ec16ca07369048d0e (7); 6f1afb7c23074684ea05ffe9e63bb57a (2); d02b067e0f767dbb4564526385f49d84 (2); f495c5b0268d9896b8478ab32bfa02eb (1)
user_logs,homeclub,string,29,0,100.0,6,23,ADITYAWARMAN,SUNSET ROAD,19,BENHIL (14); BLOK M (7); PLUIT (5); ARTERI PONDOK INDAH (1); ADITYAWARMAN (1)
user_logs,timezone_homeclub,string,29,0,100.0,2,27,Asia/Jakarta,Asia/Makassar,13,Asia/Jakarta (28); Asia/Makassar (1)
user_logs,membership_expired_date,date,29,0,100.0,9,20,2024-03-31,2026-03-04,10,2026-03-04 (13); 2025-05-12 (7); 2025-08-20 (2); 2025-09-21 (2); 2024-09-02 (1)
user_logs,is_deleted,boolean,29,0,100.0,2,27,false,true,,false (28); true (1)
user_referral_logs,id,integer,96,0,100.0,96,0,1,96,,1 (1); 2 (1); 3 (1); 4 (1); 5 (1)
user_referral_logs,user_referral_id,string,96,0,100.0,78,18,119330b602a0e3bc0b66487b6c53ec19,ffea2078bee21f79f199256757e5d578,32,7a03e01e0c17b2322845242a796adb5e (19); 433df86639089a01ce358b27aebdf19f (1); ea4d6702e73d722499c47bbe494214be (1); 61717d106753428549731b63554d70a5 (1); 99ad142bc25863b18014cad08a728fb2 (1)
user_referral_logs,source_transaction_id,string,96,79,17.71,17,0,0d5745a60be9f0d9163c99c91fd61efc,de0d476b360046c0d079d5f8fcb77c00,32,aa7f55497ab7a5842145c6c58e1395c2 (1); 3efa130b4bcb9b0675e0c5ac526b1e33 (1); 701ee6fa1925773ad8e13f1f6b7293ae (1); 441dc9d263135dfc7f7cd52b71a91cec (1); 91273b98dd4ab2ac704baed2329670d2 (1)
user_referral_logs,created_at,timestamp,96,0,100.0,96,0,2024-03-08T11:33:50Z,2024-07-10T08:51:11Z,20,2024-06-02T20:42:09Z (1); 2024-06-25T07:57:00Z (1); 2024-04-29T10:25:56Z (1); 2024-05-13T06:35:37Z (1); 2024-06-14T11:36:54Z (1)
user_referral_logs,is_reward_granted,boolean,96,0,100.0,2,94,FALSE,TRUE,,FALSE (79); TRUE (17)
user_referral_statuses,id,integer,3,0,100.0,3,0,1,3,,1 (1); 3 (1); 2 (1)
user_referral_statuses,description,string,3,0,100.0,3,0,Berhasil,Tidak Berhasil,14,Menunggu (1); Tidak Berhasil (1); Berhasil (1)
user_referral_statuses,created_at,timestamp,3,0,100.0,2,1,2024-03-08T08:49:37Z,2024-03-08T10:07:10Z,20,2024-03-08T10:07:10Z (2); 2024-03-08T08:49:37Z (1)
user_referrals,referral_at,timestamp,46,0,100.0,44,2,2024-03-08T11:31:24Z,2024-05-24T04:57:33Z,20,2024-04-22T15:04:57Z (2); 2024-04-23T04:55:40Z (2); 2024-05-01T05:17:31Z (1); 2024-05-02T14:10:16Z (1); 2024-04-18T03:56:22Z (1)
user_referrals,referral_id,string,46,0,100.0,46,0,1f44ffca9257eefe62892409bce4b704,fcb804c8ff24e5b2974a7e965ebea5e8,32,9331c8f144dad5a3b8e4a10467b4343a (1); 6371079a92bcbf0c16ae5fcdf4fc9c10 (1); a49105b02e690472452527663559d97a (1); fcb804c8ff24e5b2974a7e965ebea5e8 (1); 9e9324e6fde29bb0d230654b38ccfdd4 (1)
user_referrals,referee_id,string,46,3,93.48,37,6,04aec3adea13099cb24c4cc784f05f3d,f6507a982bde1dcda0ce0867ceac66f6,32,08b8ab0371b6a0cb79319628505c446c (4); 12dd343d282fb7915f55982937c30b87 (3); c6fb4aa67eba0ed851ac4182abe26127 (2); f1327c9d6d4efee6ad69e7e467b605b9 (1); f6507a982bde1dcda0ce0867ceac66f6 (1)
user_referrals,referee_name,string,46,3,93.48,35,8,069396bf68713451107ed621971b8fd3,feb4d885f99957d87b2e8eb1fd05b193,32,8ef43a9189c084778dadf266d6ee6071 (3); 4f5649d2d7b3ee9406436f026094c1fe (3); 360701f01f783634925ce89e59decc37 (3); aeed83f1695c48689484dccb42ad29b9 (2); c315681adbaee59c3c0e945ed9436173 (2)
user_referrals,referee_phone,string,46,0,100.0,33,13,0520c1cc85cbd43be086d6067e316e39,ff6a10e68ce4c4a56e3c19238619f828,32,ce52ad7070f305b43a784b8503dbde13 (10); 5ba638fed7578e677c7600f1038f1b77 (3); c72ff35974713260b8153d81c84b3fa5 (3); 74d8b76d490b094ba0cc7f144ed16cf5 (1); 321b0102e766ef73b63d1bd797203c02 (1)
user_referrals,referral_reward_id,integer,46,38,17.39,3,5,1,3,,1 (5); 2 (2); 3 (1)
user_referrals,referral_source,string,46,0,100.0,3,43,Draft Transaction,User Sign Up,17,Draft Transaction (27); Lead (11); User Sign Up (8)
user_referrals,referrer_id,string,46,13,71.74,13,20,192befbbd8b97260e28db080a661578c,f2de40c8394f4ea9a6aa49965380dd8f,32,2c71c5d66c7e12a0b3c200ba6ed3b78e (13); 4acfa96cb521b6963b50bcef95bee485 (7); f2de40c8394f4ea9a6aa49965380dd8f (2); cadba628952bde1670ac4c0792afc28a (2); cbac8ed440d53d1c6c187874c4193db2 (1)
user_referrals,transaction_id,string,46,13,71.74,27,6,07f21743663aacb7d212c286d47a14de,f192fca27d438c053db425fade152d66,32,4c8cae052f19cea66544affc759b76ee (4); da0071e2bb7794ac19ff4dbbb6e772f0 (3); 7709d17eaec03665f58904b72c8ab444 (2); bc3a22d1b0c651d0c807a9bdaed08e8d (1); 91263eaf2af17ac140c6fc23a68882d3 (1)
user_referrals,updated_at,timestamp,46,0,100.0,40,6,2024-04-29T04:04:15Z,2024-05-24T04:57:33Z,20,2024-05-01T02:58:58Z (4); 2024-05-01T02:58:57Z (3); 2024-05-23T05:32:21Z (2); 2024-05-01T05:17:31Z (1); 2024-04-29T04:04:15Z (1)
user_referrals,user_referral_status_id,integer,46,0,100.0,3,43,1,3,,1 (29); 3 (9); 2 (8)
